name	totalEmployees	avgPayroll
Health care and social assistance	20743345	353906254.65230167
Retail trade	15682840	150520404.99839795
Accommodation and food services	14482451	99210665.58336042
Manufacturing	12100583	256901276.48489058
Professional, scientific, and technical services	8954954	272819417.3884077
